No.,SiglaProyecto,NombreProyecto,NombreEstacionPeaje,2016Ene,2016Feb,2016Mar,2016Abr,2016May,2016Jun,2016Jul,2016Ago,2016Sep,2016Oct,2016Nov,2016Dic,2017Ene,2017Feb,2017Mar,2017Abr,2017May,2017Jun,2017Jul,2017Ago,2017Sep,2017Oct,2017Nov,2017Dic,2018Ene,2018Feb,2018Mar,2018Abr,2018May,2018Jun,2018Jul,2018Ago,2018Sept,2018Oct,2018Nov,2018Dic
1,APM,ARMENIA-PEREIRA-MANIZALES,CIRCASIA,3614918500,2675283600,3233860750,2725188800,2984502550,3021552700,3220751150,3204525450,2906311100,3222635250,3113659120,3675874300,3953163400,2888930300,3176046650,3453043050,3159697000,3384741200,3562876200,3476868900,3195157400,3517923370,3441269350,4130670750,4267344100,3116539000,3802843200,3356896500,3410025000,3051586300,3868945900,3771508400,3540187200,3772124800,3679215050,4494666650
2,APM,ARMENIA-PEREIRA-MANIZALES,COROZAL,3565459400,2899965050,3322409400,3068723250,3230205400,2984891300,2950556850,3731114500,3307348950,3392264650,3321513100,3637281950,3736296200,3041001950,3217368250,3438924750,2821558350,3531966900,3687118300,3539821600,3391085150,3557265000,3374160450,3664264400,3892552950,3196588900,3578435500,3420228150,3451471000,3089045850,3780860150,3777690800,3626748800,3909313050,3704525800,3908438450
3,APM,ARMENIA-PEREIRA-MANIZALES,PAVAS,1263045800,927129900,1058280400,938313300,995875200,975504900,1056001800,1077139200,1012797300,1126734400,1077655300,1237888500,1385248700,995191400,1109603500,1159020000,1412587450,1167218200,1212620300,1221717800,1136001800,1246243300,1376032200,1436268750,1575622400,1245886900,1380586900,1249898200,1309048100,1100823200,1376492200,1355024700,1209368600,1316777650,1266961800,1449756600
4,APM,ARMENIA-PEREIRA-MANIZALES,SAN BERNARDO,1025435600,782294900,923841000,787491600,901304700,851650800,943822100,969326650,875512800,969258150,939378700,1174154700,1164878250,866150000,935200400,898458900,882353150,979398100,1058363350,1014316950,909445900,980525050,973853500,1217305300,1004673650,512294600,787570000,745732650,682533450,628437400,776425900,772941500,742532950,822623350,837985800,1058718950
5,APM,ARMENIA-PEREIRA-MANIZALES,SANTAGUEDA,1909011050,1457632300,1749069850,1418827800,1553020500,1337361550,1426173000,1884098100,1564136050,1661897750,1563744100,1807995450,1943588550,1443673000,1533398800,1649211550,1429705200,1699698200,1708071700,1723681450,1575441400,1675976600,1619146100,1836401200,1280487850,161118900,739616950,1108756950,950100100,867523700,1134173550,1170848650,1063057700,1135105100,1093613250,1402448000
6,APM,ARMENIA-PEREIRA-MANIZALES,TARAPACA I,1637781500,1410076200,1499270100,1404723650,1447546650,1196914350,1282530800,2310237250,2375926800,1667083700,1577941100,1669372750,1789732300,1531048400,1576521200,1543931150,1512758750,1609667600,1654451450,1660976750,1570024600,1615785800,1550312100,1770101450,1549008250,964530100,1106480800,1276506800,1276728900,1051015050,1294944100,1314480900,1246789200,1311233900,1248609900,1382736100
7,APM,ARMENIA-PEREIRA-MANIZALES,TARAPACA II,3521795900,2663009200,3156702300,2708495250,2958221050,2823149200,2949938150,2600775650,2012433900,3006125300,2907604150,3429870700,3669685950,2655409200,2946650650,3127333550,2987355700,3237537600,3329230400,3267919850,2987020400,3260987400,3260122000,3762435000,3501973950,2137592750,3021752850,2986138950,2962921000,2630667350,3309310900,3265496920,2951339550,3192714200,3099873450,3741410950
8,SV,BOGOTÁ - SIBERIA - LA PUNTA - EL VINO - VILLETA,CAIQUERO,2697993900,1713553500,2249529000,1722131000,1953870100,2049783000,2340131400,2119321100,1844934500,2186347300,2139540600,2677938000,2951261200,1827939600,2047183500,2367093600,2037190500,2334040000,2406472700,2366753300,2007601800,2413424000,2327374300,3043060300,3191132000,1969910900,2560241500,2190464000,2213739900,2504217500,2677518700,2513286500,2199666500,2502540000,2485043300,3194011000
9,SV,BOGOTÁ - SIBERIA - LA PUNTA - EL VINO - VILLETA,SIBERIA,5765465800,4637033700,5428431300,4849502500,5272959500,5275830900,5715199200,5382663500,4874961500,5387707900,5121574700,5885660300,5972806000,4650096500,5214721500,5539743000,5366524700,5569427400,5765286900,5741485500,5198974300,5837034200,5690321000,6650441200,6544320100,5119903100,6072689200,5539762400,5688328100,6033830200,6338876200,6214521600,5754896300,6142474200,6031481900,7088451900
,BV,BOGOTÁ - VILLAVICENCIO,BOQUERON I Y BOQUERON II,7536085700,6216209400,6709165400,5917139500,5962423900,5861111200,5645120200,6164949900,5969096000,6318608100,6216527300,7219417200,7119527900,5620809000,6497753800,6554078200,6214560300,6184240300,6309341000,6640227100,6222837900,6723283900,6532960600,7678605300,7475774400,5452340300,6745789600,6251286600,6112056100,6316902900,6413535200,5678996200,5820622000,6887029700,6858445000,7799783800
12,BV,BOGOTÁ - VILLAVICENCIO,NARANJAL,6151722300,5060256600,5414160600,4787062400,4757354600,4686506700,4450845900,4923661000,4778198800,4948709500,4876931300,5620365000,5614381700,4431196700,5142887900,5161596100,4796724000,4763385500,4907730500,5231339300,4872098200,5221254300,5089617700,5966037200,5846016700,4148017200,5174756700,4763734700,4568986800,4794435700,4804665900,4102835900,4277302600,5158328700,5119970000,5920576500
13,BV,BOGOTÁ - VILLAVICENCIO,PIPIRAL,8372611900,6619738600,7234529200,6196049300,6285601600,6273832600,6118412800,6586463900,6369893100,6809738000,6670045700,7830049400,7947097400,6027843200,7043825700,7222426400,6622541700,6590708400,6757223900,7236455600,6674712800,7266656300,7073070600,8502040800,8434691000,5799501200,7417723200,6778766000,6459047100,6855322900,6813163200,5837177400,6116060100,7444170500,7421157900,8611663500
14,CB,CARTAGENA-BARRANQUILLA,MARAHUACO,1360247800,1119857700,1254757105,1027319100,1107914600,1134948800,1287230300,1194285500,1074857000,1209087500,1154353000,1409644600,1604925800,1297685000,1298239600,1355638600,1168034200,1308688300,1409359600,1287930300,1257138300,1434037300,1272099100,1531198900,1697954400,1368183100,1574193200,1361276500,1282236400,1381678100,1551745100,1478232100,1318668800,1454829300,1437096000,1765275600
15,CB,CARTAGENA-BARRANQUILLA,PAPIROS,254689200,292430000,296898700,342115100,325282100,290663500,240833600,289476500,320099800,266292800,218826300,215590600,241938300,215865000,302737300,257696900,273345500,254907900,219897100,225192700,285399100,315842600,334689800,297512300,281343700,284232500,349278600,512236200,546659200,414212000,462603000,517189500,450919200,482776500,452290800,403928100
16,CB,CARTAGENA-BARRANQUILLA,PUERTO COLOMBIA,2146704600,1666969800,1987465300,1592873600,1837900900,1770839800,2073798500,1857524100,1687647500,1808628200,1690581800,2211522700,2516824800,1973095500,2099465700,2197674600,1867987000,2148617400,2257298600,2070234600,1919977300,2214439800,2060998000,2417176500,2473418300,1970802800,2403180400,2042297700,1967619000,2276672400,2551952400,2400760900,2152449100,2343183900,2401582000,2763932200
17,DVN,DESARROLLO VIAL DEL NORTE DE BOGOTÁ,ANDES,9341236050,9225758450,9642000100,9415170700,9716389200,9432692900,9328062400,10124754700,10043278500,10282978900,10078784000,11289089550,10282652200,9721834100,10595682000,10235129800,10646481600,10594031200,10830009500,11118015000,10668350600,11089080700,10814534500,0,0,0,0,0,0,0,0,0,0,0,0,0
18,DVN,DESARROLLO VIAL DEL NORTE DE BOGOTÁ,FUSCA,690110300,793955100,816152300,863914800,887532000,794106000,733383700,853357900,892875200,854110200,867401500,879384800,735601500,885481400,1001671200,857421900,898013000,807393700,766153987,905322200,851966900,842269800,866421600,0,0,0,0,0,0,0,0,0,0,0,0,0
19,DVN,DESARROLLO VIAL DEL NORTE DE BOGOTÁ,UNISABANA,242948100,276457900,294362000,272935000,246158500,215512900,221663900,288611000,205700900,227013800,248117400,260188600,239266200,242626200,246624600,230210800,258539800,254195600,257840200,267898000,261798200,270894200,270830000,0,0,0,0,0,0,0,0,0,0,0,0,0
20,DVM,DESARROLLO VIAL DEL ORIENTE DE MEDELLÍN,COCORNA,2881114300,2202890300,2525151600,2179348900,2311119100,2241534300,2075454500,2659718200,2332188600,2594435300,2616115400,2995828600,3056164100,2518718400,2666404200,2780284500,2724550300,2880396000,2967331700,3022298800,2714200700,2978141400,2986200300,3379519800,3688295900,2777453500,3150096600,2954775000,2842038700,3058124300,3225318900,3251137300,0,0,0,0
21,DVM,DESARROLLO VIAL DEL ORIENTE DE MEDELLÍN,GUARNE,9101842100,7656559900,8433963600,7765660000,8359895300,8125945900,7880164700,9066145900,8251193800,7678974400,7253507600,8306219100,3646261000,8013834600,8766227400,8827077200,8992837500,9099981800,9669897200,9614897200,8889648000,9300313600,9382159500,10415413400,10725265200,9008453200,10061257800,9608647200,9756123700,10224871200,10648860000,10752452200,10022595700,10505361800,10413150300,11713169300
22,DVM,DESARROLLO VIAL DEL ORIENTE DE MEDELLÍN,LAS PALMAS,2169139600,2069371300,2212855600,2073356300,2234760700,2187414400,2302155100,2294727200,2194619500,2378790800,2389195200,2678947000,3082409700,2269321300,2421020100,2387348000,2460498800,2406328900,2520789900,2540439500,2365589700,2479917900,2498381800,2785852100,2564814100,2384960200,2666352800,2603061900,2656346000,2651667300,2754044300,2878109500,2758373000,2729115900,2787881700,3033447900
23,DVM,DESARROLLO VIAL DEL ORIENTE DE MEDELLÍN,PTO TRIUNFO,2695219500,2042833600,2399290600,2021991400,2101831200,2113499600,1992158100,2435946700,2112837000,2299708800,2312439200,2678463600,2816312000,2229883300,2366873100,2479053000,2395033900,2544746900,2589048300,2620958300,2384992800,2619050500,2579592400,2991380100,3249990800,2472048400,2766351200,2650765400,2561002400,2710874800,2834697000,2901467200,0,0,0,0
24,FFA,FONTIBÓN - FACATATIVÁ - LOS ALPES,CORZO,2511709000,2267016000,2338730700,2276830300,2355862100,2278792600,2214267200,2443266600,2347396300,2460320800,2338463600,2473830200,2593491000,2319924700,2524187200,2448345200,2529877800,2484071500,2601978700,2542840800,2401209400,2545815900,2457966100,2590559700,2691786700,2345311200,2619390200,2325533500,2585954650,2554891000,2742124100,2684811300,2626786600,2758442600,2676401500,2799657500
25,FFA,FONTIBÓN - FACATATIVÁ - LOS ALPES,RIO BOGOTA,4961509200,4982415900,5115309000,4990199900,5063535000,4969581400,4883636400,5182408000,4962313700,5066872100,4916755200,5393722300,5077110100,4882660900,5459294200,5296282400,5393692800,5332181100,5495908200,5484293700,5230989100,5465271000,5412315900,5912242700,5436792500,5202437300,5791713000,5182971400,5902206200,5882285500,5961525800,6082898900,5908303800,6202894400,6056332300,6569046900
26,MVM,MALLA VIAL DEL META,IRACA,0,0,0,0,0,0,0,0,0,0,0,0,0,0,0,0,0,0,0,0,0,0,0,0,0,0,0,0,0,0,0,0,0,0,0,0
27,MVM,MALLA VIAL DEL META,LA LIBERTAD,0,0,0,0,0,0,0,0,0,0,0,0,0,0,0,0,0,0,0,0,0,0,0,0,0,0,0,0,0,0,0,0,0,0,0,0
28,MVM,MALLA VIAL DEL META,OCOA,0,0,0,0,0,0,0,0,0,0,0,0,0,0,0,0,0,0,0,0,0,0,0,0,0,0,0,0,0,0,0,0,0,0,0,0
29,MVM,MALLA VIAL DEL META,PUENTE AMARILLO,0,0,0,0,0,0,0,0,0,0,0,0,0,0,0,0,0,0,0,0,0,0,0,0,0,0,0,0,0,0,0,0,0,0,0,0
30,MVM,MALLA VIAL DEL META,VERACRUZ,0,0,0,0,0,0,0,0,0,0,0,0,0,0,0,0,0,0,0,0,0,0,0,0,0,0,0,0,0,0,0,0,0,0,0,0
31,NEG,NEIVA - ESPINAL - GIRARDOT,EL PATA,1651865050,1229394650,1495216700,1356368700,1390284700,530533200,1500580100,1544422750,1371321200,1515203600,1479848700,1776403350,0,0,0,0,0,0,0,0,0,0,0,0,0,0,0,0,0,0,0,0,0,0,0,0
32,NEG,NEIVA - ESPINAL - GIRARDOT,FLANDES,2518146050,1821844500,2156705350,1842479200,2052641800,770073000,2409992300,2204147100,1990727200,2159697000,2001630150,2478923850,0,0,0,0,0,0,0,0,0,0,0,0,0,0,0,0,0,0,0,0,0,0,0,0
33,NEG,NEIVA - ESPINAL - GIRARDOT,NEIVA,2001079550,1557645900,1790635900,1641735000,1779634100,657509100,1840742500,1895569350,1777273900,1944191550,1895418400,2179109650,0,0,0,0,0,0,0,0,0,0,0,0,0,0,0,0,0,0,0,0,0,0,0,0
34,SMP,SANTA MARTA-RIOHACHA-PARAGUACHÓN,ALTO PINO,711399300,658404800,742849600,700097200,840477200,775326500,779730000,764325800,729998300,772537000,821051400,938535100,854625100,787179300,909125900,855524700,1032711600,936704200,1037302800,1027317400,949416200,1011560700,905728600,1116498900,1040235000,901487100,1047426700,999982600,994672300,958756300,1015934600,991399700,961139300,952158600,955777300,1225961600
35,SMP,SANTA MARTA-RIOHACHA-PARAGUACHÓN,EL EBANAL,972600100,858374200,941490400,840841000,675639000,886071200,993208200,946422700,989306400,1072414000,1023181300,1019854000,1110319000,952529800,972622100,967384800,887523400,982205300,1084802800,1003345100,991985100,1102680000,1001695300,1132678500,1198880900,897627800,1155614000,1082794100,1004509700,1008735400,1125666800,1090870000,1062846900,1084991300,1005482900,1190715700
36,SMP,SANTA MARTA-RIOHACHA-PARAGUACHÓN,NEGUANJE,1506060500,1028074100,1309454800,1044905200,1028635600,1091088800,1094996000,1153804800,1061121100,1109666100,1162340400,1337612500,1674184900,1147453100,1259993000,1306100700,1270918500,1284357600,1460220500,1227180800,1137648000,1428481000,1359347200,1603521100,1913133300,1256051800,1653135600,1469468900,1409320300,1481512800,1788723200,1767100500,1553205700,1593510900,1607886900,1785898100
37,SMP,SANTA MARTA-RIOHACHA-PARAGUACHÓN,PARAGUACHON,186677300,190979600,223190100,216528000,231410200,231314700,291797000,321863000,354995400,398752800,412637000,451896000,459007000,431943900,454939800,427687100,438019300,447881800,545389400,613512600,564302600,621009800,592278500,724315300,642321300,499952000,440557400,457249300,418981000,401325600,481556200,471584600,482367500,508015500,510857900,697267200
38,MVC,MALLA VIAL DEL VALLE DEL CAUCA Y CAUCA,CENCAR,1690937300,1720211300,1733638300,1641204000,1708811800,1724369600,1759445000,1827360000,1705936950,1742333500,1698401000,1922898400,1727875500,1716461200,1836195200,1729829700,1844000300,1861546300,1859487900,1915259900,1757874700,1759941800,1756159600,2011450800,1792267800,1702298900,1850722700,1846570200,1967377000,1983673500,2056184600,2135398700,2051436500,2146739700,0,0
39,MVC,MALLA VIAL DEL VALLE DEL CAUCA Y CAUCA,CERRITO,4773608400,4091217200,4701930400,4079244350,4199866600,4077622300,4406528700,4828081900,4323314500,4543596500,4423385300,5086835700,4967386200,4348695800,4658388500,4872715600,4340840800,4654536500,5196336800,5246041400,4815558600,4940158400,4733992200,5565322900,5435573600,4577786300,5360112100,5014875300,4844092300,5135969600,5476909700,5515725500,5180729300,5414942800,0,0
40,MVC,MALLA VIAL DEL VALLE DEL CAUCA Y CAUCA,CIAT,2226479650,2115899600,2254341200,2181987600,2284038900,2265038800,2430063100,2477328200,2336541000,2410318200,2375718100,2729016900,2594058900,2378669000,2577830200,2458036900,2658571420,2578916300,2747982600,2745261500,2557455200,2596735300,2579101900,3053687900,2762069500,2536016300,2716234400,2713239800,2805829900,2798393300,2924671500,2991994800,2858552900,2955686500,0,0
41,MVC,MALLA VIAL DEL VALLE DEL CAUCA Y CAUCA,ESTAMBUL,3152839800,3044381500,3252544650,3157865200,3333523200,3403417900,3709003500,3579658700,3347755200,3497736600,3502383500,3973402900,3682356400,3322669400,3696703800,3565013800,3693053600,3717943700,3967965200,3873777200,3464762600,3483861100,3537194200,4147623600,3797149000,3499018400,3893755600,3698563500,3831154200,3806070700,4041849000,4044948900,3821469900,4006129100,0,0
42,MVC,MALLA VIAL DEL VALLE DEL CAUCA Y CAUCA,MEDIACANOA,3327483100,2997275200,3275832100,3093007700,3255562700,2847849100,2835463500,3600457600,3237212700,3436143200,3377923000,3378960400,3415977300,3142910400,3350933800,3330294300,2944960100,3412703000,3596779500,3382978100,3229057700,3356092500,3423605700,3402845100,3484480200,3224558200,3444116600,3399880600,3358997900,3353897900,3547452100,3704075700,3407258100,3579189900,0,0
43,MVC,MALLA VIAL DEL VALLE DEL CAUCA Y CAUCA,PASO DE LA TORRE,314369500,313712000,338816400,315438000,355823300,348573200,426460800,366722200,388232600,397802500,360679700,427903100,382332900,378850600,389335100,388622300,390505000,399887000,457830300,398408600,405826200,452592600,444984100,494689100,465461300,462022300,499995200,551514600,470090200,473722600,468112600,481942000,450834500,494548200,0,0
44,MVC,MALLA VIAL DEL VALLE DEL CAUCA Y CAUCA,ROZO,974653400,831984700,942696600,849852300,920097200,930049300,1066087600,981119000,904634700,951523600,935507700,1076772400,1050381500,886527400,999404100,1018701800,996169500,1017956400,1085042000,1060977900,973641100,1021876900,1034617700,1181409800,1125549400,943389600,1083721700,1034939500,1010033600,1043173100,1126084100,1108952900,1032416300,1098654200,0,0
45,MVC,MALLA VIAL DEL VALLE DEL CAUCA Y CAUCA,TUNIA,2281270900,1967118300,2305675800,1988033000,2111622100,1358423100,2040237900,2430319800,2113931150,2209695700,2231469450,2503449600,2488709950,2047484100,2188276350,2377006000,2209181000,2341211100,2544124600,2493916400,2306203500,2333679750,2065749300,2715139700,2706814200,2186328400,2611886750,2445795550,2381986600,2457925500,2696347300,2640026200,2456653400,2613248400,0,0
46,MVC,MALLA VIAL DEL VALLE DEL CAUCA Y CAUCA,VILLARICA,2937552600,2640579300,3028157900,2617425900,2807074300,2185010300,2890892300,3233775000,2989799500,2994296700,3067280700,3352821200,3319521400,2830877800,2998653600,3109241900,2965079800,3115072800,3455616600,3386501400,3177820300,3229166200,2827641150,3649452950,3569589100,2982301500,3628838700,3363717300,3318184200,3393585400,3716513300,3632112600,3472156700,3658232900,0,0
47,AMC,ÁREA METROPOLITANA DE CÚCUTA Y NORTE DE SANTANDER,EL ESCOBAL,31516000,35249000,35502000,38948000,38025000,35196000,38375200,41066000,43929200,43372000,41777350,47241000,40087500,41714300,48830950,42592000,43873500,40989100,45020100,46841100,46768000,48139400,47419100,51503200,42268700,46380000,48632500,50210200,50233700,46826000,49920600,53726000,51338200,52761200,51385000,58381000
48,AMC,ÁREA METROPOLITANA DE CÚCUTA Y NORTE DE SANTANDER,LA PARADA,403208150,428755300,441131800,460244100,462278000,426801700,451820650,474419650,488111100,474889250,455971150,495201600,437214050,451620500,508070250,444994300,484992300,453421150,481984850,506928050,503683400,491163750,495470800,531263450,473183250,497570250,520871850,532405850,541808500,500515500,526882750,554791000,564212350,562431800,542384500,577241800
49,AMC,ÁREA METROPOLITANA DE CÚCUTA Y NORTE DE SANTANDER,LOS ACACIOS,1267693550,1087644100,1272424450,1115880600,1223572200,1148420200,1176423350,1294630350,1146350050,1239351500,1176485100,1294463650,1334227300,1136237150,1230218050,1329877600,1283757850,1300072300,1361313100,1369906450,1258617000,1388879100,1343525500,1432306700,1502644550,1173914800,1467338500,1333516100,1325193300,1407827250,1518446800,1552884800,1418386600,1428226700,1385363700,1614721200
50,BGG,BOGOTÁ (BOSA) - GRANADA - GIRARDOT S.A.,CHINAUTA,8831598750,6323774950,7684520050,6412708250,0,0,0,0,0,0,0,0,0,0,0,0,0,0,0,0,0,0,0,0,0,0,0,0,0,0,0,0,0,0,0,0
51,BGG,BOGOTÁ (BOSA) - GRANADA - GIRARDOT S.A.,CHUSACA,10212231400,7494900050,9080923950,7653077300,0,0,0,0,0,0,0,0,0,0,0,0,0,0,0,0,0,0,0,0,0,0,0,0,0,0,0,0,0,0,0,0
52,BTS,BRICEÑO - TUNJA - SOGAMOSO,ALBARRACIN,3441440200,2654732550,3333470000,2660926350,3043249950,2723498700,2450402650,3211851900,2830068250,3183902950,3024431200,4008517050,3734202700,2916730050,3195804850,3457976700,3253392850,3329043050,3521676000,3519567750,3066443050,3508570350,3390989350,4621163150,4166305550,3050097750,3795024050,3276038050,3402289100,3752587200,3915513800,3957627650,3556600750,3947597000,3906217550,5244128600
53,BTS,BRICEÑO - TUNJA - SOGAMOSO,EL ROBLE,4794447100,3770661800,4631296350,3763046950,4237666550,3919023250,3730474700,4378054450,3941526800,4435054550,4267193300,5364564200,5205552350,4065230200,4453022150,4819162350,4535709900,4639179350,4915089150,4849133550,4287092800,4891252500,4718687150,6125827150,5709170400,4302392000,5371967800,4654001500,4834147650,5180678700,5428986950,5454029600,4976669050,5452719500,5424347650,6958094150
54,BTS,BRICEÑO - TUNJA - SOGAMOSO,TUTA,3607602450,3028308850,3487426750,3072710950,3322622800,3009448600,2421732450,3504303700,3205362250,3472621250,3349683200,4060452300,3832318000,3272603250,3579228000,3613223750,3604455450,3610753500,3774607150,3729970500,3483741950,3827347600,3743580650,4568266900,4342322050,3501283150,3986007200,3722909750,3880672950,4010818850,4208486000,4247865100,4037116050,4337500050,4274456100,5158733200
55,CS,CÓRDOBA - SUCRE,LA ESPERANZA,0,0,0,434229600,996268400,958425600,1004796700,1071969000,981419100,986377300,953430900,1074369400,1201081000,926191500,1076782200,1175011900,1102115300,1078301900,1100902300,1105345300,1118232000,1150153100,1087461100,1236909900,1389641000,1059719600,1228635800,1182478600,1108587900,970336100,1214735900,1181935200,1110998900,1197968700,1174806900,1330066500
56,CS,CÓRDOBA - SUCRE,LA ESPERANZA 1,0,0,0,0,0,0,513502700,552163000,506880900,516234700,496971500,568998500,687179800,485703000,577710800,611748900,564314000,563559900,577758800,577113300,586747400,601672200,569376000,641366400,733340400,551045600,642197600,617458300,577638900,487930600,637164500,624303700,585904100,633207200,620858800,694054700
57,CS,CÓRDOBA - SUCRE,LA ESPERANZA 2,0,0,0,0,0,0,491294000,519806000,474538200,470142600,456459400,505370900,513901200,440488500,499071400,563263000,537801300,514742000,523143500,528232000,531484600,548480900,518085100,595543500,656300600,508674000,586438200,565020300,530949000,482405500,577571400,557631500,525094800,564761500,553948100,636011800
58,CS,CÓRDOBA - SUCRE,LAS FLORES,1697474500,1504194600,1627858200,1534592800,1559250200,1532800100,1590034000,1920840500,1866478600,1932590600,1888657200,2095298000,1978579200,1724084100,1904741500,1815148200,1875416100,1856805800,1915903400,1916819500,1885763400,1935399500,1943581000,2141535800,2035837600,1761995200,1960265200,1924229300,1856112100,1741102500,1944515900,1984791600,1921358800,2006963600,1952336300,2189068500
59,CS,CÓRDOBA - SUCRE,LAS FLORES 1,0,0,0,0,0,0,799228300,965840700,940473700,968892500,943267100,1039618200,992148800,864537400,954808100,909902500,940787000,933196400,960967600,966250700,953172700,974830400,978341700,1072438600,1026337900,886732600,974208400,974160600,928158100,877114700,979408200,999273800,968995000,1009908400,979541500,1098536100
60,CS,CÓRDOBA - SUCRE,LAS FLORES 2,0,0,0,0,0,0,790805700,954999800,926004900,963698100,945390100,1055679800,986430400,859546700,949933400,905245700,934629100,923609400,954935800,950568800,932590700,960569100,965239300,1069097200,1009499700,875262600,986056800,950068700,927954000,863987800,965107700,985517800,952363800,997055200,972794800,1090532400
61,CS,CÓRDOBA - SUCRE,LOS GARZONES 1 Y LOS GARZONES 2,2123530400,1842983900,2046876500,1870379500,1965232200,1998127300,2062744000,2247616700,2163209900,2224789300,2183895700,2402543800,2344087100,2044916000,2280191300,2208017100,2202263700,2207306300,2316655300,2409301850,2230823700,2260215800,2231669900,2418720300,2362288700,2064390800,2314014100,2220210600,2276341300,2264832300,2350217100,2357623400,2257823200,2418556400,2296373800,2545314300
62,CS,CÓRDOBA - SUCRE,LOS GARZONES 1,0,0,0,0,0,0,979603800,1077476900,1034875200,1060654900,1033553300,1162431700,1108967700,968943600,1073758500,1048877900,1033285200,1036545200,1084268000,1134616750,1056022400,1069363000,1055073400,1168902400,1119018300,975711800,1108379200,1041107000,1070888800,1070780900,1111978300,1117800400,1060675200,1132690000,1076591000,1219189800
63,CS,CÓRDOBA - SUCRE,LOS GARZONES 2,0,0,0,0,0,0,1083140200,1170139800,1128334700,1164134400,1150342400,1240112100,1235119400,1075972400,1206432800,1159139200,1168978500,1170761100,1232387300,1274685100,1174801300,1190852800,1176596500,1249817900,1243270400,1088679000,1205634900,1179103600,1205452500,1194051400,1238238800,1239823000,1197148000,1285866400,1219782800,1326124500
64,GIC,GIRARDOT - IBAGUÉ - CAJAMARCA,CHICORAL,4492516100,3528111300,4142130800,3697413700,3878943800,3716781400,3851899800,4418117500,3882814800,4161309000,4072525900,4693205000,4714147700,3712510100,4061357400,4388660100,3715486300,4509755900,4757393800,4483207200,4246974600,4598454700,4240696200,4949980200,4965866600,3844234900,4428022600,4154992500,4188668200,4500787000,4709402800,4689292100,4357142800,4843490400,4622467200,5124708100
65,GIC,GIRARDOT - IBAGUÉ - CAJAMARCA,GUALANDAY,5788331300,4718780100,5518160600,5067527150,5234249600,5019710350,5110514700,5771383400,5228181300,5575126150,5416282000,6169367700,6133805000,4966076000,5415023100,5666662100,5109976400,5861398500,6082154100,5838842500,5614300000,5949070600,5694743050,6576546900,6546187400,5220356200,5925743250,5584007500,5646513900,5936835600,6139896500,6016669900,5633204800,6245807200,6017040700,6624293800
66,PL,PEREIRA - LA VICTORIA,CERRITOS II,4714358000,4097020700,4586220300,4119695600,4349791600,3984680800,4249902900,4954975000,4413753300,4588172300,4513560600,5058957200,5022918800,4209239700,4550748400,4642371300,4437923000,4745640000,4961672400,4915822800,4524543300,4800028500,4788213700,5379759700,5175572200,3895081700,4445654500,4401721150,4416009600,4470376800,4848675600,4890020600,4466797900,4756155700,4677686050,5280333750
67,RPC,RUMICHACA - PASTO - CHACHAGUI,CANO,0,0,0,0,0,0,0,0,0,0,0,0,0,0,0,0,0,0,0,0,0,0,0,0,0,0,0,0,0,0,0,0,0,0,0,0
68,RPC,RUMICHACA - PASTO - CHACHAGUI,DAZA,0,0,0,0,0,0,0,0,0,0,0,0,0,0,0,0,0,0,0,0,0,0,0,0,0,0,0,0,0,0,0,0,0,0,0,0
69,RPC,RUMICHACA - PASTO - CHACHAGUI,EL PLACER,0,0,0,0,0,0,0,0,0,0,0,0,0,0,0,0,0,0,0,0,0,0,0,0,0,0,0,0,0,0,0,0,0,0,0,0
70,RC,RUTA CARIBE,BAYUNCA,1343467100,1305052500,1438935400,1371641100,1301597700,1333453700,1315090700,1415666800,1390403100,1395447200,1376007000,1520075300,1455825650,1424140100,1526996900,1435524900,1460024100,1461319200,1467725400,1553339500,1423128800,1440317800,1388133400,1449530550,1417575100,1369770800,1488487700,1506797400,1461157200,1398270100,1440023300,1440085400,1380306600,1484881100,1416189100,1545802200
71,RC,RUTA CARIBE,GALAPA,2143339600,2016773500,2212686700,2047208700,2062395500,2008626900,2053881000,2088896100,2022139200,2068814200,2049153900,2263443700,2131275300,2010671800,2291416500,2133969500,2155441600,2133416200,2280698700,2342963300,2157705500,2213953800,2241458500,2360279600,2277150900,2072462700,2401524900,2321275000,2302366300,2219262100,2311715300,2402966700,2287948700,2312571100,2257300500,2401332900
72,RC,RUTA CARIBE,GAMBOTE,2298101400,1999879700,2145944250,1939218100,1874052400,1809418500,1779378200,2022578800,1857175400,1897802600,1891097500,2101467300,2206714000,1805802400,2028825000,2107112800,2019528900,2088403500,2111623300,2051477200,1970322700,2051505100,2025524700,2285875000,2399195600,1967943500,2289839300,2180232600,2101520600,2114718600,2214903000,2240146400,2134612800,2262376350,2157495500,2430658600
73,RC,RUTA CARIBE,PASACABALLOS,0,0,0,0,0,0,0,0,0,0,0,0,0,0,1597531800,1646356650,1633709400,1670252400,1671451500,1632249100,1573254500,1599610900,1597813300,1680567900,1736356900,1518775300,1705616600,1649429900,1583409800,1577777200,1641510400,1712304200,1642926600,1721432400,1662502100,1746644900
74,RC,RUTA CARIBE,PONEDERA,0,0,0,0,0,0,0,0,0,0,0,0,0,0,0,0,0,0,0,0,0,0,0,0,0,0,0,0,0,0,0,0,0,0,0,0
75,RC,RUTA CARIBE,SABANAGRANDE,2000364700,1775254400,1965043100,1878676200,1942044100,1922827700,1937364000,2051155700,1961048100,2063266800,2034221600,2292931600,2203974100,2045686100,2190873500,2134828100,2143636100,2138265000,2169933400,2169951700,2048557900,2159636800,2147856000,2344888300,2300177400,2074211300,2322009500,2200156000,2191414900,2060644400,2228012300,2241156800,2191783100,2316656300,2308250800,2511964300
76,RC,RUTA CARIBE,TURBACO,1362975000,1298356600,1382575400,1316242400,1350494200,1306161800,1374817400,1378867100,1352899300,1338769400,1277740200,1477674500,1505414800,1373995500,1614141800,1563383700,1609729100,1580366800,1666454450,1674301000,1573218600,1651504900,1536770400,1760804100,1698419200,1621135700,1828402700,1775466750,1786483600,1723735650,1828610600,1849901100,1792488700,1840293000,1723673900,1957579900
77,RDS1,RUTA DEL SOL 1,EL KORAN,4343221850,3484043100,3722803400,3326481000,3384214800,3330630800,3289481150,3728333050,3412531800,3715710300,3659202200,4108136500,4251160700,3300215500,3734907500,3824329700,4176579400,3990589900,3930628600,4082207200,3821933800,4277834750,4136479200,4576443400,4603129200,3551916500,4077901300,3915263500,3778416900,3796201400,4019558400,3970927500,3820196700,4103290000,4218156100,5056705250
78,RDS2,RUTA DEL SOL SECTOR 2,AGUAS NEGRAS,3063540700,2457978800,2685764700,2546234700,2491920100,2597787900,2388458400,2734145200,2579418500,2741272300,2622276500,3065557200,3295425100,2577829600,2767695600,2824812100,2679812400,2805698300,2773621500,2786738900,2742259100,1893404600,0,0,0,0,0,0,0,0,0,0,0,0,0,0
79,RDS2,RUTA DEL SOL SECTOR 2,GAMARRA,0,0,0,15697200,27052700,18442400,16223200,57026900,104667700,40580900,61982200,34759400,28720700,30216900,37846000,49364800,21857400,10378000,26562300,28713300,34329300,38872700,0,0,0,0,0,0,0,0,0,0,0,0,0,0
80,RDS2,RUTA DEL SOL SECTOR 2,LA GOMEZ,2695568200,2265419600,2363856300,2261329600,2026185600,2199403900,2065560500,2227341500,2126744600,2180218900,2171275200,2425108100,2717115800,2100582200,2304371500,2361947000,2219154300,2286764700,2273813700,2372589300,2282550200,1572666900,0,0,0,0,0,0,0,0,0,0,0,0,0,0
81,RDS2,RUTA DEL SOL SECTOR 2,MORRISON,3257141600,2652463500,2850505400,2690094300,2548158700,2550548400,2341787100,2728462700,2571117800,2665293200,2651740600,2989292500,3406072100,2614997600,2863700300,2972648400,2825286100,2880574300,2849340200,2873714400,2852240400,1988270500,0,0,0,0,0,0,0,0,0,0,0,0,0,0
82,RDS2,RUTA DEL SOL SECTOR 2,PAILITAS,3101212200,2462828900,2737804300,2577868900,2471688000,2435611300,2204545900,2648774000,2505795000,2621567700,2605483800,2903656000,3301071900,2485962900,2689830600,2809776300,2662849400,2750311900,2719216800,2738032800,2706372700,1899992800,0,0,0,0,0,0,0,0,0,0,0,0,0,0
83,RDS2,RUTA DEL SOL SECTOR 2,PLATANAL,666300900,545371400,633657100,659543500,620052500,606806600,534863200,674910100,592488500,661010800,651560900,691538300,696016500,571775600,600920400,634047300,624979700,622617500,648185800,695406600,692969100,448143800,0,0,0,0,0,0,0,0,0,0,0,0,0,0
84,RDS2,RUTA DEL SOL SECTOR 2,ZAMBITO,2738295800,2218692000,2386408900,2320200600,2242007100,2359300700,2207636300,2513316200,2460887800,2612223000,2390373500,2693019300,3011945100,2254471100,2439939300,2507967400,2375449500,2481824500,2437281600,2470883900,2439535000,1676435400,0,0,0,0,0,0,0,0,0,0,0,0,0,0
85,RDS3,RUTA DEL SOL SECTOR 3,EL COPEY,2341546750,1770366900,2012801400,1886462800,1912613100,1902241400,1783410100,2119458800,2008386200,2086090600,2104369550,2368310700,2757400800,2114792150,2360005500,2174588600,2241027400,2235946150,2095199650,2094118300,2049487600,2222492300,2119204900,2361653700,2715741700,2007836200,2373389150,2452894400,2383857200,2388409550,2409713400,2314613500,2263120700,2419954900,2327587850,2538519200
86,RDS3,RUTA DEL SOL SECTOR 3,EL DIFICIL,1338266600,1265295500,1284279300,1256277200,1067641900,1120576400,1082948900,1354446200,1361934300,1494723700,1582434400,1553800250,1771543000,1739012150,1881538600,1239085850,1392312700,1418531900,1223412600,1164816400,1144066300,1192456200,1209567900,1267021800,1343445500,1145078200,1344822300,1251916500,1231914200,1347860900,1330827750,1321034100,1282837500,1351900500,1325348450,1407239000
87,RDS3,RUTA DEL SOL SECTOR 3,LA LOMA,2645177400,2110275800,2270725800,2147861400,2025564700,2038860700,1835433800,2247210000,2117606700,2270152000,2234502250,2401858100,2739829250,2121276900,2429676150,2469286950,2484408700,2485052700,2309150100,2290211400,2267972900,2430942900,2341340550,2559008400,2932552350,2244315300,2653763200,2628425450,2606455000,2702543600,2676527300,2612385300,2565315200,2703902500,2610354450,2826491050
88,RDS3,RUTA DEL SOL SECTOR 3,PUENTE PLATO,1299479200,1222265900,1228870500,1170370600,988939600,1021569200,959435000,1069438000,1020333300,1047964800,1120544600,1159707500,1205901500,1015297300,1145641000,1170228050,1114071600,1141524400,1150949100,1116513300,1086451700,1137941800,1144120600,1204926100,1284271000,1088177700,1303962300,1193749700,1177147800,1293073650,1260649500,1266744500,1235209900,1296581100,1263650700,1341757500
89,RDS3,RUTA DEL SOL SECTOR 3,TUCURINCA,2513234850,1927805250,2181138700,2052236300,2248187650,2235581050,2096408800,2400712450,2266356900,2350515400,2295433450,2568060400,2908323900,2267500700,2493734500,2533760500,2485008200,2485354700,2464377300,2490265200,2435201200,2626916650,2497168550,2798237000,3185983800,2406402000,2813943000,2903364300,2842598700,2832306700,2860446100,2753022200,2693130700,2858337200,2759153800,3002839300
90,RDS3,RUTA DEL SOL SECTOR 3,VALENCIA,873931600,730116800,811270000,770638100,785178000,789758000,832749400,808735600,768450700,811991850,801810000,934011300,915326100,755449100,825184600,905116500,843864550,835607100,856197100,831606350,779484450,833289950,816338000,977224200,971978650,765932550,894543600,930417350,877941550,881282450,930497200,886486800,839408700,902214900,894156150,1050933450
91,TVA,TRANSVERSAL DE LAS AMÉRICAS,CEDROS,578263300,501883500,585395300,503644000,530609600,559061000,560849300,546946900,534704900,560851800,552760500,599815600,598827300,483816100,559761100,559498100,491698800,535334400,534894000,369811900,0,0,0,0,0,0,0,0,0,0,0,0,0,0,0,0
92,TVA,TRANSVERSAL DE LAS AMÉRICAS,PURGATORIO,937469500,718555700,829566900,693476000,735940600,767762200,728208400,753713200,719074300,776502400,754804700,864006300,932830500,697092900,783381200,882347900,819318600,844012600,861075200,578198500,0,0,0,0,0,0,0,0,0,0,0,0,0,0,0,0
93,ZMB,ZONA METROPOLITANA DE BUCARAMANGA,LEBRIJA,1632784850,1516590650,1606434800,907071950,0,0,0,0,0,0,0,0,0,0,0,0,0,0,0,0,0,0,0,0,0,0,0,0,0,0,0,0,0,0,0,0
94,ZMB,ZONA METROPOLITANA DE BUCARAMANGA,RIONEGRO,1394896500,1096419550,1205491550,636819450,0,0,0,0,0,0,0,0,0,0,0,0,0,0,0,0,0,0,0,0,0,0,0,0,0,0,0,0,0,0,0,0
95,M2,AUTOPISTA AL MAR 2,CIRILO,0,0,0,0,0,0,0,0,0,0,0,0,0,0,0,0,0,0,0,0,0,0,0,0,0,0,0,0,0,0,0,0,0,546297500,481800000,567010300
96,P1,AUTOPISTA CONEXIÓN PACIFICO 1,AMAGA,1723802500,1559518400,1842971250,1633986600,1775509350,1676150150,1696085700,1867129350,1601802800,1711778700,1619610800,1864110800,1874218800,1571031750,1705003600,1795704000,1771529850,1842385800,1901705000,1808113500,1548714300,1823240100,1855354050,2163210550,2100717800,1663976350,2030450300,1821062100,1226332200,1530527600,1773198150,1899270950,1758902300,1852465800,1866120750,2185983800
97,P2,AUTOPISTA CONEXIÓN PACIFICO 2,LA PINTADA,231630400,198633400,294707100,278149100,264830700,313082400,348422700,547876500,402871700,401896300,262589100,262356050,397425900,731856600,424246300,394822700,381316500,376311100,336495200,336724300,330455800,351518600,323426700,364436700,395106400,323835400,366588400,367128900,581121400,540215300,525201200,626835500,769451000,421075300,489038800,498330200
98,P2,AUTOPISTA CONEXIÓN PACIFICO 2,PRIMAVERA,1883315400,1407638200,1655287500,1280207000,1497498600,1334512800,1376061800,1530565500,1333764700,1534149400,1599362100,1881920400,1995735900,1513470300,1630429200,1759383000,1609343500,1828708100,1853839200,1840075100,1678646200,1823053900,1745296500,2053300100,2082435500,1545740600,1882027000,1768313000,1806921500,1841323200,2026458300,2017494800,1739568400,1926931600,1844804700,2132179900
99,P3,AUTOPISTA CONEXIÓN PACIFICO 3,ACAPULCO,734081100,599925400,670704200,588188700,646357200,661336500,699778100,691698200,658577400,709349700,706227000,803528400,826667600,667394100,760795600,762151800,763950500,742053600,801009500,767779200,702351000,717103900,816278700,919063600,1354646000,1552919150,1430949000,1107747800,1217613100,1584564500,1925055900,1927190700,1712171500,1859298900,1812760800,1925974100
100,P3,AUTOPISTA CONEXIÓN PACIFICO 3,SUPIA,1678198300,1287495600,1632792100,1244140800,1391049800,1285020550,1348107650,1684426700,1388411800,1509300800,1425312900,1658323650,1785288700,1316657100,1420445600,1534411600,1358152200,1599397600,1614059050,1606194200,1450118300,1558421600,1500476100,1773492200,1829564100,1287506650,1562051900,1523962200,1431515450,1517011900,1685058200,1707068800,1513722200,1687263000,1565602600,1798597650
101,RM,AUTOPISTAS AL RÍO MAGDALENA 2,PUERTO BERRIO,479799850,343740900,412839700,368256250,388707600,415667250,415804550,415485550,374972200,426841100,416386700,500581150,587610850,390357200,426187200,440529650,410838850,425395700,435708700,415893250,409318000,447014250,436259400,546898500,567245250,424609400,490294400,479456100,488050050,581561450,514470550,489252750,491273750,526353800,486971600,577156100
102,BBY,BUCARAMANGA - BARRANCABERMEJA - YONDÓ,RIO SOGAMOSO,1407381400,1250353400,1342766700,1244240800,1288514800,1344636600,1395141600,1380876700,1318791300,1346364700,1312799500,1516516600,1497558800,1264700100,1340984000,1338833300,1305408900,1342112700,1397535300,1373798000,1324665000,1451480600,1412049900,948616500,940673400,973823400,1162331350,1122420400,1139217300,1200844700,1233018400,1234582700,1144462800,1214083000,1206201300,1428273500
103,BP,BUCARAMANGA - PAMPLONA,EL PICACHO,0,0,0,0,0,0,603535800,699828700,627702300,670084600,668215500,754098700,780967900,644494500,679920300,727289300,720243400,705948100,734409500,742064000,701635300,787062800,758104800,839589700,840544750,646295500,755910808,754531800,580060700,741190400,787753300,772916900,718523700,755005900,716675300,891568600
104,BL,BUGA - LOBOGUERRERO,LOBOGUERRERO,2698493400,2352882400,2677271500,2644123500,2754427500,2158119100,2327491900,3324429600,2901793700,859357000,0,0,0,0,0,0,0,0,0,0,0,0,0,0,0,0,0,0,0,0,0,0,0,0,0,0
105,CB2,CARTAGENA - BARRANQUILLA CIRCUNVALAR DE LA PROSPERIDAD,GALAPA,0,0,0,0,0,0,0,0,0,0,0,0,0,0,0,0,0,0,0,0,0,0,0,0,0,0,0,0,0,0,0,0,0,0,0,88497500
106,CB2,CARTAGENA - BARRANQUILLA CIRCUNVALAR DE LA PROSPERIDAD,JUAN MINA,0,0,0,0,0,0,0,0,0,0,0,0,0,0,0,0,0,0,0,0,0,0,0,0,0,0,0,0,0,0,0,0,0,0,0,0
107,M1,CONCESIÓN AUTOPISTA AL MAR 1,PALMITAS,0,0,0,0,0,0,1773989500,1684191400,1566355200,1801628300,1639931100,1751298372,2292398450,1595590300,1752745500,1831072700,1742241300,1828865600,2007886900,1811144400,1669604500,1933224000,1918124700,2248674700,2069127800,1665738300,2003782700,1830973500,2035593900,2574916900,2274093700,1919259700,1902985700,2058098800,2002961500,2386973300
108,M1,CONCESIÓN AUTOPISTA AL MAR 1,SAN CRISTOBAL,0,0,0,0,0,0,1748023400,1695942450,1593378200,1791859100,1660905200,2119734528,2097589250,1609127450,1772398400,1954679900,1638329300,1891626300,1981341750,1838369500,1720362100,1878220700,1902702500,2471531500,1975223400,1686556800,2148234600,1722756300,1894166600,2661981900,2077614300,1945408300,1852019300,2064759100,1990148700,2620090900
109,GHP,GIRARDOT - HONDA - PUERTO SALGAR,BRISAS,0,0,0,0,0,0,0,0,0,0,0,0,0,0,0,0,0,0,0,0,0,0,0,0,0,0,0,0,0,0,0,0,0,0,0,0
110,GHP,GIRARDOT - HONDA - PUERTO SALGAR,CAMBAO,0,0,0,0,0,0,0,0,0,0,0,0,0,0,0,0,0,0,0,0,0,0,0,0,51198850,132886000,130708750,110166000,104668900,131308200,166971100,228001650,233251300,296104900,312980900,411973900
111,GHP,GIRARDOT - HONDA - PUERTO SALGAR,GUATAQUI,0,0,0,0,0,0,0,0,0,0,0,0,0,0,0,0,0,0,0,0,0,0,0,0,0,0,0,0,0,0,0,0,0,0,0,0
112,IP-AN,IP - ACCESOS NORTE,ANDES,0,0,0,0,0,0,0,0,0,0,0,0,0,0,0,0,0,0,0,0,0,0,0,11839252300,10709340300,10219396200,11336499100,10816977600,11472514050,11208580800,11232762300,12102361800,11508458600,11774805400,11426322300,12552733500
113,IP-AN,IP - ACCESOS NORTE,FUSCA,0,0,0,0,0,0,0,0,0,0,0,0,0,0,0,0,0,0,0,0,0,0,0,905829400,736880100,862149400,932348100,835540900,907037400,885423600,826186000,1092841100,1105375900,1042015800,1060943200,1109065100
114,IP-AN,IP - ACCESOS NORTE,UNISABANA,0,0,0,0,0,0,0,0,0,0,0,0,0,0,0,0,0,0,0,0,0,0,0,272751600,258902000,256477500,248942500,247617100,224652300,217527300,228199900,173183400,157778100,181625800,193082000,185588800
115,IP-AB,IP - ANTIOQUIA BOLIVAR,CAIMANERA,0,0,0,0,0,0,33560000,478567050,386701650,444648000,428806300,606821500,937571050,414384500,468436200,756210850,421217150,529709700,520768250,487806950,398811200,481222900,482553050,646904700,969965800,421846000,662328800,454937000,468829750,690332300,573007500,479618200,412832900,492889400,458752900,639533800
116,IP-AB,IP - ANTIOQUIA BOLIVAR,CEDROS,0,0,0,0,0,0,0,0,0,0,0,0,0,0,0,0,0,0,0,230606300,745050000,750025500,727359800,847882800,833068800,672540700,820388600,731159700,900178100,1106416900,859591400,765823600,774830600,801349500,745995500,863206700
117,IP-AB,IP - ANTIOQUIA BOLIVAR,LA APARTADA,1597246800,1190170100,1346262000,1199996750,1293357550,2143858600,1964287700,2610716100,2302741200,2400146900,2314701800,2561059200,2787817500,2177677400,2344824200,2442400700,2278668100,2352045100,2325983100,2402708600,2278156300,2437576500,2324861000,2749320100,3132844000,2334329200,2608384500,2530859100,1810370900,909735300,2310159500,2550116400,2264312800,2489442700,2494361300,2929608400
118,IP-AB,IP - ANTIOQUIA BOLIVAR,MANGUITOS,0,0,0,0,0,363342000,1588506150,2209057900,2010445300,2096084650,2002014550,2341947950,2637728850,2051017900,2270883000,2356884300,2270363000,2315760100,2300498500,2307800400,2266569700,2356259400,2288601000,2667556800,3107466400,2397012100,2642357100,2575713400,1989442400,1287208700,2413777200,2576352800,2291593600,2557701800,2517833100,2872627100
119,IP-AB,IP - ANTIOQUIA BOLIVAR,MATA DE CAÑA,1011029900,653211700,838102600,604127400,701718900,1021535800,1024817100,864602300,783102900,885613700,842121000,1040575300,1320860500,720857800,837182000,1107623100,806559100,941225550,968318600,933511700,814192600,892373900,868408000,1076174200,1367271200,729917300,1042166000,829257400,865436800,1124086200,1079628500,978131500,904462500,1024705000,930243400,1171301300
120,IP-AB,IP - ANTIOQUIA BOLIVAR,PURGATORIO,0,0,0,0,0,0,0,0,0,0,0,0,0,0,0,0,0,0,0,386861100,1262420600,1361246800,1348990700,1558436700,1689762000,1246570700,1437264300,1330776600,1240759700,1198105300,1349502800,1360299600,1280051100,1381690400,1322513100,1545757200
121,IP-AB,IP - ANTIOQUIA BOLIVAR,SAN CARLOS,0,0,0,0,0,0,0,0,0,0,0,0,0,0,0,0,0,0,0,0,0,0,0,0,0,0,0,0,0,0,0,0,0,0,0,0
122,IP-AB,IP - ANTIOQUIA BOLIVAR,SAN ONOFRE,774410000,628462200,733209500,608805500,656454000,614601000,635451600,1019690600,930378800,907357200,888135200,1033337300,1122703000,866742000,973912200,1114992000,969873400,1040132700,1011385400,976759400,953471700,953694100,950461400,1123330900,1236633100,960229400,1122183400,1105495800,1037629000,1035941000,1108288800,1069565000,991343700,1042339900,1012341200,1234068700
123,IP-CM,IP - CAMBAO-MANIZALES,ALVARADO,1659429200,1320767100,1451902800,1400596000,1410749500,1422936500,1408058500,1510539700,1471005900,1936345000,1873130100,2102307900,2227833900,1769182500,1974480000,1963204300,1979664050,2040760100,2100175750,2070701600,1922039100,2012781000,1975753550,2192795200,2323889900,1796297350,2084340600,1961084950,2001270000,2051161800,2109909700,2109416500,1978283100,2077298650,1962879400,2167650700
124,IP-CM,IP - CAMBAO-MANIZALES,HONDA,1484741050,1101970050,1308953600,1150965850,1186450800,1225321900,1204650800,1330612400,1271621850,1767606400,1705278950,2025503500,2233237650,1612955300,1751895600,1847840600,1689734200,1891191500,1888030900,1838363800,1697821600,1860381200,1808280500,2137373250,2357807250,1701811850,2030168750,1825182800,1865132600,1983168900,2045994900,1967567350,1821475500,1965847900,1834830500,2083013100
125,IP-CG,IP - CESAR - GUAJIRA,RINCON HONDO,0,0,0,0,346980900,483823250,464843500,523935700,485742200,493239100,488165600,624728000,610257100,507092700,571007100,624573800,529768000,533843800,552759500,512157300,486472900,515762900,506661100,627885300,641586800,272719500,0,0,0,0,0,0,0,0,0,0
126,IP-CG,IP - CESAR - GUAJIRA,RIO SECO,0,0,0,0,0,0,0,0,164874100,537141750,522735800,660958000,621021700,263175150,0,0,0,0,0,0,0,0,0,0,0,0,0,0,0,0,0,0,0,0,0,0
127,IP-CG,IP - CESAR - GUAJIRA,SAN DIEGO,0,0,0,0,152967800,571917750,563505400,568048650,534229300,527331750,522577200,627138150,588604200,527284950,588298650,558969150,559804300,581472550,608230300,596988650,562001000,590875450,582182150,687253900,659413800,369167400,0,0,0,0,0,0,0,0,0,0
128,IP-CG,IP - CESAR - GUAJIRA,SAN JUAN,871764500,766846600,865550400,820317300,835288800,964126800,1015191700,1012952100,961454800,980405400,971887450,1117228300,1097172250,963106400,1106010500,1095005250,1113768700,1150816050,1222118700,1199368800,1188429200,1246199700,1215070400,1431599100,1378342800,761020500,0,0,0,0,0,0,0,0,0,0
129,IP-MVM,IP - MALLA VIAL DEL META,CASETABLA,0,0,0,202605300,404731400,433853400,336896800,940296200,1167672500,1170002500,1045870050,1117899700,1185780800,784274200,441250400,393963800,402779400,368435600,398682200,419903600,391961400,405177700,430610600,446543800,420455150,371000200,431182700,444081550,447099000,413407900,430169400,453684400,405825100,495764950,494329000,484773400
130,IP-MVM,IP - MALLA VIAL DEL META,IRACA,1342646550,1042264450,1115257250,1002763350,1043285900,1057758950,1056668200,1162074000,1089657050,1104296150,1097987650,1244453450,1368357950,1106591000,1168054300,1144189450,1103495950,1074335350,1189345400,1251547550,1123515500,1169567100,1165313050,1316415250,1402580750,1043677350,1193923050,1109479700,1090089250,1082694800,1187380700,1164322650,1115173750,1168892600,1144437600,1324435850
131,IP-MVM,IP - MALLA VIAL DEL META,LA LIBERTAD,2243866100,2020627500,1959572900,1789947650,1647434150,1667727100,1569477750,1712022350,1631480500,1685787300,1597675350,1770268750,1927238400,1612812050,1785426600,1677351300,1661235700,1625383500,1680625650,1833599200,1640587400,1707903250,1797580300,2010341700,1976745050,1715986300,1926110900,1847076600,1870113700,1768127100,1828051450,1876851850,1717876000,1846053600,1869528500,1969428900
132,IP-MVM,IP - MALLA VIAL DEL META,OCOA,3347278900,2683015050,2881383900,2591092800,2696249450,2671632250,2606323000,2727102100,2557918550,2802626650,2786812750,3112532400,3332072650,2720063500,2994432300,2916701350,2826455650,2616521400,2832452400,2976982100,2759051750,2934272150,2913321250,3257351000,3319209450,2419350100,2937588800,2762345050,2823569500,2829360200,3033999550,2870923850,2977876700,3221020600,3190446000,3570245400
133,IP-MVM,IP - MALLA VIAL DEL META,YUCAO,0,0,0,147369000,290676200,302123700,228404300,633266700,793522600,801393200,763213500,879791500,1003944500,645057200,347297300,317516900,313943200,286797600,311765500,337439500,339372800,324274800,365213300,381827850,378326150,310477300,356673500,361154650,378701700,350739300,363626700,402182550,349110750,385154750,435070300,427265300
134,IP-NEG,IP - NEIVA GIRARDOT,EL PATA,0,0,0,0,0,530533200,1500580100,1544422750,1371321200,1515203600,1479848700,1776403350,1796282750,1365968400,1543461400,1675435350,1493232950,1719273050,1802871300,1632366000,1506771400,1701693550,1653301050,2046333200,2037028200,1500550400,1862167170,1660511900,1658556700,1874052800,1919087550,1797044050,1646320050,1905969200,1865765550,2224884950
135,IP-NEG,IP - NEIVA GIRARDOT,FLANDES,0,0,0,0,0,770073000,2409992300,2204147100,1990727200,2159697000,2001630150,2478923850,2662091100,1982193450,2224760800,2434459950,2245076200,2621905650,2766246000,2469741150,2229927400,2405512700,2293059600,2875876150,2925890400,2149918700,2677366700,2360112900,2340389200,2729106700,2987495450,2819450700,2525268900,2869363250,2678471200,3237072750
136,IP-NEG,IP - NEIVA GIRARDOT,NEIVA,0,0,0,0,0,657509100,1840742500,1895569350,1777273900,1944191550,1895418400,2179109650,2167210500,1723983200,1896397500,1978841000,1843133900,2104763800,2172916650,2029676150,1872003150,2105333350,2019520300,2416130550,2430152050,1914913100,2337416650,2114081600,2133371950,2306387950,2374300200,2250838700,2102632000,2381275250,2330950600,2720462000
137,IP-TC,IP - TERCER CARRIL,CHINAUTA,0,0,0,0,0,0,0,0,0,0,0,8885505850,9393478000,6669798700,7590272300,8293113950,7229644250,8687801950,9266115500,8364485000,7527521250,8627106300,7919369700,9675025800,9929343950,6965076400,8797031800,7546380600,7689699200,9176539050,9596295000,8869913600,7988204600,9215153850,8711789300,9968900050
138,IP-TC,IP - TERCER CARRIL,CHUSACA,0,0,0,0,0,0,0,0,0,0,0,10712227100,10900716700,7991321800,9035120400,9784502550,8738282400,10207107850,10809674100,9887201300,8943356950,10187311000,9504201700,11582901000,11473555150,8334228250,10483539350,9025058400,9176275100,10749071700,11104599950,10383853800,9485357000,10963737750,10395196700,12012935850
139,IP-VP,IP - VÍA AL PUERTO,LOBOGUERRERO,0,0,0,0,0,0,0,0,0,1950708700,2735222250,2736024950,1974372350,2685649750,2491606350,2924137000,1584107150,3186561700,3075210300,2844645600,2807570100,2673429700,2713771050,2611808100,2841244000,2592955100,2740314600,2801430950,3039575250,2928940900,3077413200,3375821300,3020136500,3096700300,3038272200,2907643500
140,IP-VN,IP - VÍA DEL NUS,CISNEROS,0,0,0,172899900,413543200,437250400,438940500,452540000,406750050,464692300,453232600,547389550,628000200,415602700,462502700,487534600,461183000,476318400,492105900,474419800,438298950,488346800,470879200,593596300,605354200,444387600,528228700,498864700,511856900,611131600,563140200,532323400,523584600,564433200,514702800,624989000
141,POC,PERIMETRAL DE ORIENTE DE CUNDINAMARCA,LA CABAÑA,585372850,551414550,623768200,568770850,602398300,592024100,566115900,610052800,556740250,599373300,589651000,603612800,663489650,614347750,666410850,629702100,659312050,598766000,629118100,651228700,608856800,638840900,607546350,601738700,642216600,585276200,625390250,567567750,542726050,499978000,497445650,515975000,525957000,554701550,572372850,622371100
142,POC,PERIMETRAL DE ORIENTE DE CUNDINAMARCA,PATIOS,1078544650,1060150050,1116714250,1113595050,1180269100,1135001900,1124097800,1129424650,1121783050,1137202600,1098610300,1201833100,1122184350,1097254950,1185279300,1147680950,1190679350,1120332450,1099673050,1144741000,1085334450,1078632350,1074176250,1170612500,1086753000,1053416100,1186997350,1114683050,1144455700,1073172750,938544300,1014979900,1016188650,1052101550,1099381250,1267051700
143,PHC,PUERTA DE HIERRO - CRUZ DEL VISO,CALAMAR,979470300,825006500,939530418,809638400,862592400,805806300,809058800,880365400,805815300,842909200,804739900,948664900,954605400,784911000,841038400,878259100,849799500,880647900,887510600,866617500,797741100,859584400,868783700,985053600,954357300,766516200,895204700,850614700,772319000,722425000,839070800,838028900,790865300,848822300,846989500,980666600
144,PHC,PUERTA DE HIERRO - CRUZ DEL VISO,EL CARMEN,1263536500,1019753700,1193819800,1053437100,1078715000,1035800500,1034526450,1159262800,1071888800,1177322100,1135098200,1329148250,1355806400,1038352700,1138655700,1176960300,1121246000,1150824800,1166242000,1134737800,1080068400,1168504900,1171295100,1338458200,1366758400,1026237600,1209960100,1153150600,1029099200,988493600,1166615200,1152737300,1080480100,1175085850,1152918100,1333861000
145,RP,RUMICHACA - PASTO,EL PLACER,1912606260,1643486700,1882526400,1757557000,1846765200,1376947400,1595026500,2114986700,1775657600,1840207400,1843770600,2138665250,2049444200,1716857800,1771840600,1851303000,1829400050,1843700300,2038911700,1998554950,1855225450,1885397550,1873566900,2236577450,2174293050,1797840150,2109521350,1985467250,2034015650,2027698900,2166842200,2112929000,1946893000,1981968850,1892676900,2145544250
146,SMN,SANTANA-MOCOA-NEIVA,ALTAMIRA,897229200,727568200,849542000,775343900,836189800,782643600,797252500,899136600,890835600,986426700,976688000,1083914600,1026025200,831348800,922533400,945317700,859769500,907360800,937902900,937030100,862162100,913620100,909386800,1047607000,1052404750,820941300,964838000,832832200,883287900,842452800,878718500,878398600,851838800,946871200,951010200,1088629800
147,SMN,SANTANA-MOCOA-NEIVA,LOS CAUCHOS,1383821850,1166403750,1312718150,1225580400,1299439900,1263578800,1269069650,1361228150,1324864300,1409495800,1393672350,1567409064,1439550750,1122225400,1341164500,1356628500,1297133300,1380126950,1442567850,1410243450,1331761050,1378981400,1353968700,1599764450,1516525750,1221803700,1429173000,1296809300,1323148700,1321953700,1392117700,1395656350,1328419400,1453270650,1415271800,1633511100
148,TVS,TRANSVERSAL DEL SISGA,MACHETA,550823100,365530800,469439800,353343900,436575200,423333600,407576700,428631200,397953000,461402250,444178200,513041700,582426300,375107000,424233600,473352200,429468000,454916000,456223400,446012000,410977300,465360100,463078500,569047700,593629500,404158800,511325800,415071000,437884000,464971800,445595050,449457000,412725200,509505800,499814100,600282950
149,VY,VILLAVICENCIO-YOPAL,PUENTE AMARILLO,1579903100,1426567950,1535688300,1416678650,1395321650,1342445750,1398594950,1496106700,1492741400,1434759800,1380958100,1531267700,1580979350,1365064050,1534092750,1521981550,1520355250,1480610600,1484724300,1694891700,1620453400,1565489450,1514894400,1725818600,1705232550,1415698400,1610766350,1481687350,1506463950,1467353550,1622784250,1615596450,1575771350,1626177300,1601349500,1772354200
150,VY,VILLAVICENCIO-YOPAL,SAN PEDRO,855126200,747969900,833619100,761539300,763046000,794948400,790850200,885257600,831770700,845479300,832910000,916746400,946494600,789358800,920208400,939085100,984774800,917259450,928009500,1123273400,1126174400,984900600,973390200,1053106000,1040651800,873915400,974299800,958475400,1050638200,1018936700,1084161600,1194884800,1087298100,1032662900,1067705500,1174569250
151,VY,VILLAVICENCIO-YOPAL,VERACRUZ,1097955100,934127900,1001782900,942950050,876815700,878253200,875353700,974551000,995121500,930642600,887067500,1012348900,1079100600,907081800,1024438500,991422550,1024384200,989594700,958646200,1171445300,1157853550,1039565400,998433100,1140910650,1175070600,941682900,1039665800,978738700,981480100,948246200,1067270700,1063520650,1033928300,1052316700,1026232400,1125883600
152,ZP,ZIPAQUIRÁ - PALENQUE,CASABLANCA,2850557050,2345029700,2771447596,2395518100,2573424950,2481652800,2382247150,2725316650,2472472550,2742840500,2644092000,2908149100,3035932200,2381931950,2591569900,2807097950,2523709450,2659363800,0,0,0,0,0,0,0,0,0,0,0,0,0,0,0,0,0,0
153,ZP,ZIPAQUIRÁ - PALENQUE,CURITI,1736713600,1222291800,1513059500,1213525900,1323982000,1254103500,1149866500,1369615200,1277577400,1423756400,1419710700,1646457200,1800792800,1255855400,1393241200,1556269700,1385312800,1469882400,0,0,0,0,0,0,0,0,0,0,0,0,0,0,0,0,0,0
154,ZP,ZIPAQUIRÁ - PALENQUE,LOS CUROS,1884646000,1456885100,1698117650,1444836100,1535456400,1466088800,1308147500,1609243550,1538645250,1660421100,1665549100,1885293900,1990962400,1510205100,1636824100,1752823350,1598617900,1667709600,0,0,0,0,0,0,0,0,0,0,0,0,0,0,0,0,0,0
155,ZP,ZIPAQUIRÁ - PALENQUE,OIBA,1442324300,998620400,1249988500,1004880600,1099647850,1025016400,887747350,1159787900,1102602800,1216323800,1198786200,1411113950,1571536500,1079101200,1188110800,1343976900,1180928100,1256759500,0,0,0,0,0,0,0,0,0,0,0,0,0,0,0,0,0,0
156,ZP,ZIPAQUIRÁ - PALENQUE,SABOYA,1208102600,769396400,1011397000,760608500,882574500,857996700,845144900,929338500,815046100,979714000,942859400,1110589000,1277161300,819098700,910888600,1051131800,896587700,970433800,0,0,0,0,0,0,0,0,0,0,0,0,0,0,0,0,0,0
